repo_id,repo_url,instruction_path,reference_type,reference,first_commit,first_change_type,n_observations,repeated_repo_count,repeated_file_count,snippet_available,snippet,heuristic_category,heuristic_confidence,heuristic_rules,heuristic_rationale,adjudication_status,final_category,taxonomy_letter,judge_a_model,judge_a_category,judge_a_rationale,judge_b_model,judge_b_category,judge_b_rationale,judge_agreement,example_category
03ff95638105b96a,https://github.com/567-labs/instructor,.cursor/rules/new-features-planning.mdc,path,mdc:cursor.com,2c97af5b910f2cd0986080669d8e99332f78b83b,modify,4,1,1,True,"es, make sure that you check out from main a new branch and make incremental commits - If the feature is very large, create a temporary `todo.md` - And start a pull request using `gh` - Make sure to include `This PR was written by [Cursor](mdc:cursor.com)` - Add default reviewers: - Use `gh pr edit ",extraction_artifact,high,invalid_or_prose_extraction,Token fails path grammar or matches prose false-positive profile.,deterministic_high,extraction_artifact,A,,,,,,,,extraction_artifact
03ff95638105b96a,https://github.com/567-labs/instructor,.cursor/rules/new-features-planning.mdc,path,cursor.com,5a4d433dc6a5cbab8e4754641a713daa3a242194,modify,3,1,1,True,"add new feature"" --body ""$(cat <<EOF ## Description Detailed explanation of the changes ## Changes - List important changes - Another change ## Testing How this was tested This PR was written by [Cursor](cursor.com) EOF )"" -r jxnl,ivanleomk ``` - Or use the `-F` flag with a file: `gh pr create -F pr",extraction_artifact,high,invalid_or_prose_extraction,Token fails path grammar or matches prose false-positive profile.,deterministic_high,extraction_artifact,A,,,,,,,,extraction_artifact
03ff95638105b96a,https://github.com/567-labs/instructor,.cursor/rules/readme.md,path,//cursor.sh,8edae175e6f426c20020baa2a9274c9cd099dafd,add,1,2,14,True,"ration files that help guide AI-assisted development in the Cursor IDE. They provide structured instructions for how the AI should behave in specific contexts or when working with certain types of files. ## What is Cursor? [Cursor](https://cursor.sh) is an AI-powered IDE that helps developers write,",extraction_artifact,high,invalid_or_prose_extraction,Token fails path grammar or matches prose false-positive profile.,deterministic_high,extraction_artifact,A,,,,,,,,extraction_artifact
03ff95638105b96a,https://github.com/567-labs/instructor,.cursor/rules/readme.md,script_name,//cursor.sh,8edae175e6f426c20020baa2a9274c9cd099dafd,add,1,2,14,True,"ration files that help guide AI-assisted development in the Cursor IDE. They provide structured instructions for how the AI should behave in specific contexts or when working with certain types of files. ## What is Cursor? [Cursor](https://cursor.sh) is an AI-powered IDE that helps developers write,",extraction_artifact,high,invalid_or_prose_extraction,Token fails path grammar or matches prose false-positive profile.,deterministic_high,extraction_artifact,A,,,,,,,,extraction_artifact
03ff95638105b96a,https://github.com/567-labs/instructor,CLAUDE.md,path,client_*.py,f4dd2771edc619c1df4a8f6093b4e7dcfcfad62b,modify,12,1,1,True,Include complete imports and environment setup - Progressive complexity: simple → advanced ## Project Structure - `instructor/` - Core library code - Base classes (`client.py`): `Instructor` and `AsyncInstructor` - Provider clients (`client_*.py`): Factory functions for each provider - DSL component,extraction_artifact,high,invalid_or_prose_extraction,Token fails path grammar or matches prose false-positive profile.,deterministic_high,extraction_artifact,A,,,,,,,,extraction_artifact
03ff95638105b96a,https://github.com/567-labs/instructor,CLAUDE.md,path,OVERVIEW.md,9466f0a5bc953d37ea1b00931b40cad5b11fe3bd,modify,5,2,2,True,"onceptual explanation in `docs/concepts/` - **Writing Style**: Grade 10 reading level, all examples must be working code ## Refactoring Plan The `refactor_plan/` directory contains the comprehensive Instructor 2.0 refactoring plan: - **[OVERVIEW.md](refactor_plan/OVERVIEW.md)**: Complete refactoring",extraction_artifact,high,invalid_or_prose_extraction,Token fails path grammar or matches prose false-positive profile.,deterministic_high,extraction_artifact,A,,,,,,,,extraction_artifact
03ff95638105b96a,https://github.com/567-labs/instructor,CLAUDE.md,path,MEASUREMENTS.md,9466f0a5bc953d37ea1b00931b40cad5b11fe3bd,modify,5,1,1,True,es must be working code ## Refactoring Plan The `refactor_plan/` directory contains the comprehensive Instructor 2.0 refactoring plan: - **[OVERVIEW.md](refactor_plan/OVERVIEW.md)**: Complete refactoring roadmap organized by themes - **[MEASUREMENTS.md](refactor_plan/MEASUREMENTS.md)**: Baseline met,extraction_artifact,high,invalid_or_prose_extraction,Token fails path grammar or matches prose false-positive profile.,deterministic_high,extraction_artifact,A,,,,,,,,extraction_artifact
03ff95638105b96a,https://github.com/567-labs/instructor,CLAUDE.md,path,url,6b969d2b3acfec363d2859511e19176a4f01c8c0,modify,1,5,7,True,"te - Link to relevant issues - **Update CHANGELOG.md**: Every PR that changes behavior (fix, feat, security, deprecation) must add an entry under the current `[Unreleased]` section in `CHANGELOG.md`. Format: `- **Area**: Description ([#PR](url))` ## Type System and Best Practices ### Type Checking w",extraction_artifact,high,invalid_or_prose_extraction,Token fails path grammar or matches prose false-positive profile.,deterministic_high,extraction_artifact,A,,,,,,,,extraction_artifact
045697c18e22b2e6,https://github.com/datadog/dd-trace-js,.agents/skills/apm-integrations/SKILL.md,directory,/,5e3de4ed38f08decf4592d397f5a0c72d483d519,add,10,50,323,True,"│ Creates spans, sets │ │ methods, emits events │ │ tags, handles errors │ └──────────────────────────┘ └─────────────────────────┘ ``` **Instrumentation** (`packages/datadog-instrumentations/src/`): Hooks into a library's internals and publishes events with context data to named diagnostic channels",extraction_artifact,high,invalid_or_prose_extraction,Token fails path grammar or matches prose false-positive profile.,deterministic_high,extraction_artifact,A,,,,,,,,extraction_artifact
045697c18e22b2e6,https://github.com/datadog/dd-trace-js,.agents/skills/apm-integrations/SKILL.md,path,Node.js,5e3de4ed38f08decf4592d397f5a0c72d483d519,add,10,28,90,True,strumentation and plugin layers for a third-party library in dd-trace-js. --- # APM Integrations dd-trace-js provides automatic tracing for 100+ third-party libraries. Each integration consists of two decoupled layers communicating via Node.js diagnostic channels. ## Architecture ``` ┌──────────────,extraction_artifact,high,invalid_or_prose_extraction,Token fails path grammar or matches prose false-positive profile.,deterministic_high,extraction_artifact,A,,,,,,,,extraction_artifact
045697c18e22b2e6,https://github.com/datadog/dd-trace-js,.agents/skills/apm-integrations/references/new-integration-guide.md,path,url,5e3de4ed38f08decf4592d397f5a0c72d483d519,add,4,5,7,True,"`typescript tracer.use('<name>'); tracer.use('<name>', { optionName: 'value' }); ``` ## Step 6: Document in docs/API.md Add section alphabetically: ```markdown <h5 id=""<name>""><h5> This plugin automatically patches the [<LibraryName>](<url>) module. | Option | Default | Description | |--------|-----",extraction_artifact,high,invalid_or_prose_extraction,Token fails path grammar or matches prose false-positive profile.,deterministic_high,extraction_artifact,A,,,,,,,,extraction_artifact
045697c18e22b2e6,https://github.com/datadog/dd-trace-js,.agents/skills/apm-integrations/references/new-integration-guide.md,path,SKILL.md,5e3de4ed38f08decf4592d397f5a0c72d483d519,add,4,23,75,True,# New Integration Guide Step-by-step checklist for creating a new dd-trace-js integration from scratch. ## Prerequisites - Read 1-2 reference integrations of the same library type (see SKILL.md reference table) - Determine the instrumentation approach: orchestrion (default) or shimmer (only if orche,extraction_artifact,high,invalid_or_prose_extraction,Token fails path grammar or matches prose false-positive profile.,deterministic_high,extraction_artifact,A,,,,,,,,extraction_artifact
045697c18e22b2e6,https://github.com/datadog/dd-trace-js,.agents/skills/apm-integrations/references/orchestrion.md,directory,/,7d9893e01968f82284798235edcea9d887e96b60,modify,1,50,323,True,"* Orchestrion rewrites a library's source at load time (CJS + ESM) and *inlines* `diagnostics_channel` publishes into the target function. No runtime monkey-patching, so it handles ESM reliably where shimmer cannot. Engine: `@apm-js-collab/code-transformer` (mirror of [nodejs/orchestrion-js](https:/",extraction_artifact,high,invalid_or_prose_extraction,Token fails path grammar or matches prose false-positive profile.,deterministic_high,extraction_artifact,A,,,,,,,,extraction_artifact
045697c18e22b2e6,https://github.com/datadog/dd-trace-js,.agents/skills/apm-integrations/references/plugin-patterns.md,path,Node.js,5e3de4ed38f08decf4592d397f5a0c72d483d519,add,2,28,90,True,"subscribes to all events (`start`, `end`, `asyncStart`, `asyncEnd`, `error`, `finish`) and routes them to plugin methods (`bindStart`, `bindEnd`, `start`, `asyncStart`, etc.). The channel prefix is determined by the instrumentation type. Node.js `tracingChannel` automatically adds a `tracing:` prefi",extraction_artifact,high,invalid_or_prose_extraction,Token fails path grammar or matches prose false-positive profile.,deterministic_high,extraction_artifact,A,,,,,,,,extraction_artifact
045697c18e22b2e6,https://github.com/datadog/dd-trace-js,.agents/skills/llmobs-testing/SKILL.md,path,anubis_apm/workflows/analyze/models.py:LlmObsCategory,92d92790a05460a0283e8fc65b01d8d89007e328,add,1,1,1,True,"category determines EVERYTHING:** - Whether to use VCR or not - What spanKind to use - What test structure to follow - What examples to study **IF YOU USE THE WRONG CATEGORY STRATEGY, THE TEST WILL FAIL.** **Categories are defined in:** `anubis_apm/workflows/analyze/models.py:LlmObsCategory` **Quick",extraction_artifact,high,invalid_or_prose_extraction,Token fails path grammar or matches prose false-positive profile.,deterministic_high,extraction_artifact,A,,,,,,,,extraction_artifact
03ff95638105b96a,https://github.com/567-labs/instructor,CLAUDE.md,path,tests/path_to_test.py,cf01774c40bce575e4d6bb90e08d79e0dfbe615c,add,14,1,1,True,"# Instructor Development Guide ## Commands - Install deps: `poetry install --with dev,anthropic` - Run tests: `poetry run pytest tests/` - Run specific test: `poetry run pytest tests/path_to_test.py::test_name` - Skip LLM tests: `poetry run pytest tests/ -k 'not llm and not openai'` - Type check: `p",template_placeholder,high,placeholder_syntax_in_reference,"Example, placeholder, or cross-repo template token — not a concrete repo claim.",deterministic_high,template_placeholder,B,,,,,,,,template_placeholder
03ff95638105b96a,https://github.com/567-labs/instructor,CLAUDE.md,script_name,tests/path_to_test.py,cf01774c40bce575e4d6bb90e08d79e0dfbe615c,add,14,1,1,True,"# Instructor Development Guide ## Commands - Install deps: `poetry install --with dev,anthropic` - Run tests: `poetry run pytest tests/` - Run specific test: `poetry run pytest tests/path_to_test.py::test_name` - Skip LLM tests: `poetry run pytest tests/ -k 'not llm and not openai'` - Type check: `p",template_placeholder,high,placeholder_syntax_in_reference,"Example, placeholder, or cross-repo template token — not a concrete repo claim.",deterministic_high,template_placeholder,B,,,,,,,,template_placeholder
03ff95638105b96a,https://github.com/567-labs/instructor,CLAUDE.md,path,instructor/client_your_provider.py,f4dd2771edc619c1df4a8f6093b4e7dcfcfad62b,modify,12,1,1,True,"``` 2. **Add Provider Modes** in `instructor/mode.py`: ```python class Mode(enum.Enum): YOUR_PROVIDER_TOOLS = ""your_provider_tools"" YOUR_PROVIDER_JSON = ""your_provider_json"" ``` 3. **Create Client Implementation** `instructor/client_your_provider.py`: - Use overloads for sync/async variants - Valida",template_placeholder,high,placeholder_syntax_in_reference,"Example, placeholder, or cross-repo template token — not a concrete repo claim.",deterministic_high,template_placeholder,B,,,,,,,,template_placeholder
03ff95638105b96a,https://github.com/567-labs/instructor,CLAUDE.md,directory,tests/llm/test_your_provider/,f4dd2771edc619c1df4a8f6093b4e7dcfcfad62b,modify,12,1,1,True,``` 5. **Update Auto Client** in `instructor/auto_client.py`: - Add to `supported_providers` list - Implement provider handling in `from_provider()` - Update `get_provider()` function if URL-detectable 6. **Create Tests** in `tests/llm/test_your_provider/`: - `conftest.py` with client fixtures - Bas,template_placeholder,high,placeholder_syntax_in_reference,"Example, placeholder, or cross-repo template token — not a concrete repo claim.",deterministic_high,template_placeholder,B,,,,,,,,template_placeholder
03ff95638105b96a,https://github.com/567-labs/instructor,CLAUDE.md,directory,cli/,f4dd2771edc619c1df4a8f6093b4e7dcfcfad62b,modify,12,7,17,True,"or` - Provider clients (`client_*.py`): Factory functions for each provider - DSL components (`dsl/`): Partial, Iterable, Maybe, Citation extensions - Core logic: `patch.py`, `process_response.py`, `function_calls.py` - CLI tools (`cli/`): Batch processing, file management, usage tracking - `tests/`",template_placeholder,medium,high_cross_file_repetition,"Example, placeholder, or cross-repo template token — not a concrete repo claim.",deterministic_medium,template_placeholder,B,,,,,,,,template_placeholder
03ff95638105b96a,https://github.com/567-labs/instructor,CLAUDE.md,directory,tests/llm/test_<provider>/,f4dd2771edc619c1df4a8f6093b4e7dcfcfad62b,modify,12,1,1,True,"ation extensions - Core logic: `patch.py`, `process_response.py`, `function_calls.py` - CLI tools (`cli/`): Batch processing, file management, usage tracking - `tests/` - Test suite organized by provider - Provider-specific tests in `tests/llm/test_<provider>/` - Evaluation tests for model capabilit",template_placeholder,high,placeholder_syntax_in_reference,"Example, placeholder, or cross-repo template token — not a concrete repo claim.",deterministic_high,template_placeholder,B,,,,,,,,template_placeholder
03ff95638105b96a,https://github.com/567-labs/instructor,CLAUDE.md,directory,templates/,f4dd2771edc619c1df4a8f6093b4e7dcfcfad62b,modify,12,9,14,True,Custom hooks for code processing - **Custom Processing**: `hide_lines.py` removes code marked with `# <%hide%>` - **Redirect Management**: Comprehensive redirect maps for moved content ### Writing Documentation - Follow templates in `docs/templates/` for consistency - Grade 10 reading level for acce,template_placeholder,medium,high_cross_file_repetition,"Example, placeholder, or cross-repo template token — not a concrete repo claim.",deterministic_medium,template_placeholder,B,,,,,,,,template_placeholder
03ff95638105b96a,https://github.com/567-labs/instructor,CLAUDE.md,script_name,instructor/client_your_provider.py,f4dd2771edc619c1df4a8f6093b4e7dcfcfad62b,modify,12,1,1,True,"``` 2. **Add Provider Modes** in `instructor/mode.py`: ```python class Mode(enum.Enum): YOUR_PROVIDER_TOOLS = ""your_provider_tools"" YOUR_PROVIDER_JSON = ""your_provider_json"" ``` 3. **Create Client Implementation** `instructor/client_your_provider.py`: - Use overloads for sync/async variants - Valida",template_placeholder,high,placeholder_syntax_in_reference,"Example, placeholder, or cross-repo template token — not a concrete repo claim.",deterministic_high,template_placeholder,B,,,,,,,,template_placeholder
045697c18e22b2e6,https://github.com/datadog/dd-trace-js,.agents/skills/apm-integrations/SKILL.md,directory,packages/datadog-plugin-<name>/src/,5e3de4ed38f08decf4592d397f5a0c72d483d519,add,10,1,1,True,──┘ ``` **Instrumentation** (`packages/datadog-instrumentations/src/`): Hooks into a library's internals and publishes events with context data to named diagnostic channels. Has zero knowledge of tracing — only emits events. **Plugin** (`packages/datadog-plugin-<name>/src/`): Subscribes to diagnosti,template_placeholder,high,placeholder_syntax_in_reference,"Example, placeholder, or cross-repo template token — not a concrete repo claim.",deterministic_high,template_placeholder,B,,,,,,,,template_placeholder
045697c18e22b2e6,https://github.com/datadog/dd-trace-js,.agents/skills/apm-integrations/SKILL.md,path,packages/datadog-instrumentations/src/helpers/rewriter/instrumentations/<name>.js,5e3de4ed38f08decf4592d397f5a0c72d483d519,add,10,1,2,True,"wraps methods via JSON configuration, with correct CJS and ESM handling built in. Orchestrion handles ESM code far more reliably than traditional shimmer-based wrapping, which struggles with ESM's static module structure. Config lives in `packages/datadog-instrumentations/src/helpers/rewriter/instru",template_placeholder,high,placeholder_syntax_in_reference,"Example, placeholder, or cross-repo template token — not a concrete repo claim.",deterministic_high,template_placeholder,B,,,,,,,,template_placeholder
045697c18e22b2e6,https://github.com/datadog/dd-trace-js,.agents/skills/apm-integrations/SKILL.md,path,packages/datadog-instrumentations/src/<lib>.js,72167012d9a6ee8c4f85350162c36cfe1dec1887,modify,6,1,1,True,"lugin — Database clients (DBM, db.* tags) └── CachePlugin — Key-value caches ``` **Wrong base class = complex workarounds.** Always match the library type to the base class. ## Read Upstream Source First Touching `packages/datadog-instrumentations/src/<lib>.js`, its plugin counterpart, or any orches",template_placeholder,high,placeholder_syntax_in_reference,"Example, placeholder, or cross-repo template token — not a concrete repo claim.",deterministic_high,template_placeholder,B,,,,,,,,template_placeholder
045697c18e22b2e6,https://github.com/datadog/dd-trace-js,.agents/skills/apm-integrations/references/new-integration-guide.md,path,packages/datadog-instrumentations/src/helpers/rewriter/instrumentations/<name>.js,5e3de4ed38f08decf4592d397f5a0c72d483d519,add,4,1,2,True,mmer (only if orchestrion cannot work — document why) - Identify the correct plugin base class for the library type ## Step 1: Create the Instrumentation ### Orchestrion (Default) Orchestrion requires three files: **1. JSON config** — `packages/datadog-instrumentations/src/helpers/rewriter/instrumen,template_placeholder,high,placeholder_syntax_in_reference,"Example, placeholder, or cross-repo template token — not a concrete repo claim.",deterministic_high,template_placeholder,B,,,,,,,,template_placeholder
045697c18e22b2e6,https://github.com/datadog/dd-trace-js,.agents/skills/apm-integrations/references/new-integration-guide.md,path,packages/datadog-instrumentations/src/<name>.js,5e3de4ed38f08decf4592d397f5a0c72d483d519,add,4,1,2,True,"builds** (e.g., `dist/cjs/client.js` and `dist/esm/client.js`). Add a separate entry for each file path with the same `functionQuery` and `channelName` — otherwise the uninstrumented module format will silently fail. **2. Hooks file** — `packages/datadog-instrumentations/src/<name>.js`: ```javascrip",template_placeholder,high,placeholder_syntax_in_reference,"Example, placeholder, or cross-repo template token — not a concrete repo claim.",deterministic_high,template_placeholder,B,,,,,,,,template_placeholder
045697c18e22b2e6,https://github.com/datadog/dd-trace-js,.agents/skills/apm-integrations/references/new-integration-guide.md,path,packages/datadog-plugin-<name>/src/index.js,5e3de4ed38f08decf4592d397f5a0c72d483d519,add,4,1,2,True,"one of the above | `TracingPlugin` | `../../dd-trace/src/plugins/tracing` | Generic span creation | **Wrong base class = complex workarounds.** If fighting the base class, the choice is probably wrong. ### Create the Plugin File Create `packages/datadog-plugin-<name>/src/index.js` (adapt base class ",template_placeholder,high,placeholder_syntax_in_reference,"Example, placeholder, or cross-repo template token — not a concrete repo claim.",deterministic_high,template_placeholder,B,,,,,,,,template_placeholder
045697c18e22b2e6,https://github.com/datadog/dd-trace-js,.agents/skills/apm-integrations/references/new-integration-guide.md,directory,src/,5e3de4ed38f08decf4592d397f5a0c72d483d519,add,4,15,37,True,ork — document why) - Identify the correct plugin base class for the library type ## Step 1: Create the Instrumentation ### Orchestrion (Default) Orchestrion requires three files: **1. JSON config** — `packages/datadog-instrumentations/src/helpers/rewriter/instrumentations/<name>.js`: ```javascript ,template_placeholder,medium,high_cross_file_repetition,"Example, placeholder, or cross-repo template token — not a concrete repo claim.",deterministic_medium,template_placeholder,B,,,,,,,,template_placeholder
03ff95638105b96a,https://github.com/567-labs/instructor,.cursor/rules/documentation-sync.mdc,path,guides/getting-started.md,8edae175e6f426c20020baa2a9274c9cd099dafd,add,1,1,1,True,under the appropriate section - Follow the existing hierarchy and indentation - Use descriptive nav titles - Example: ```yaml nav: - Home: index.md - Guides: - Getting Started: guides/getting-started.md - Your New File: guides/your-new-file.md ``` - For API documentation: - Ensure new functions/clas,normative_prescriptive,medium,instruction_file_is_rule_or_skill_surface,Reference appears in prescriptive rule/skill context describing conventions.,deterministic_medium,normative_prescriptive,C,,,,,,,,normative_prescriptive
03ff95638105b96a,https://github.com/567-labs/instructor,.cursor/rules/documentation-sync.mdc,path,guides/your-new-file.md,8edae175e6f426c20020baa2a9274c9cd099dafd,add,1,1,1,True,hierarchy and indentation - Use descriptive nav titles - Example: ```yaml nav: - Home: index.md - Guides: - Getting Started: guides/getting-started.md - Your New File: guides/your-new-file.md ``` - For API documentation: - Ensure new functions/classes are documented - Include type hints and docstrin,normative_prescriptive,medium,instruction_file_is_rule_or_skill_surface,Reference appears in prescriptive rule/skill context describing conventions.,deterministic_medium,normative_prescriptive,C,,,,,,,,normative_prescriptive
03ff95638105b96a,https://github.com/567-labs/instructor,.cursor/rules/new-features-planning.mdc,path,mdc:https:/cursor.sh,8edae175e6f426c20020baa2a9274c9cd099dafd,add,1,1,1,True,"es, make sure that you check out from main a new branch and make incremental commits - If the feature is very large, create a temporary `todo.md` - And start a pull request using `gh` - Make sure to include `This PR was written by [Cursor](mdc:https:/cursor.sh)` - Add default reviewers: - Use `gh pr",normative_prescriptive,medium,instruction_file_is_rule_or_skill_surface,Reference appears in prescriptive rule/skill context describing conventions.,deterministic_medium,normative_prescriptive,C,,,,,,,,normative_prescriptive
03ff95638105b96a,https://github.com/567-labs/instructor,.cursor/rules/new-features-planning.mdc,path,/cursor.sh,8edae175e6f426c20020baa2a9274c9cd099dafd,add,1,1,1,True,"ure that you check out from main a new branch and make incremental commits - If the feature is very large, create a temporary `todo.md` - And start a pull request using `gh` - Make sure to include `This PR was written by [Cursor](mdc:https:/cursor.sh)` - Add default reviewers: - Use `gh pr edit <id>",normative_prescriptive,medium,instruction_file_is_rule_or_skill_surface,Reference appears in prescriptive rule/skill context describing conventions.,deterministic_medium,normative_prescriptive,C,,,,,,,,normative_prescriptive
03ff95638105b96a,https://github.com/567-labs/instructor,.cursor/rules/new-features-planning.mdc,script_name,/cursor.sh,8edae175e6f426c20020baa2a9274c9cd099dafd,add,1,1,1,True,"ure that you check out from main a new branch and make incremental commits - If the feature is very large, create a temporary `todo.md` - And start a pull request using `gh` - Make sure to include `This PR was written by [Cursor](mdc:https:/cursor.sh)` - Add default reviewers: - Use `gh pr edit <id>",normative_prescriptive,medium,instruction_file_is_rule_or_skill_surface,Reference appears in prescriptive rule/skill context describing conventions.,deterministic_medium,normative_prescriptive,C,,,,,,,,normative_prescriptive
03ff95638105b96a,https://github.com/567-labs/instructor,CLAUDE.md,script_name,exceptions.py,cf01774c40bce575e4d6bb90e08d79e0dfbe615c,add,14,2,3,True,"ing**: Follow Black's formatting conventions - **Models**: Define structured outputs as Pydantic BaseModel subclasses - **Naming**: snake_case for functions/variables, PascalCase for classes - **Error Handling**: Use custom exceptions from exceptions.py, validate with Pydantic - **Comments**: Docstr",normative_prescriptive,medium,prescriptive_language_near_reference,Reference appears in prescriptive rule/skill context describing conventions.,deterministic_medium,normative_prescriptive,C,,,,,,,,normative_prescriptive
03ff95638105b96a,https://github.com/567-labs/instructor,CLAUDE.md,script_name,client_anthropic.py,cf01774c40bce575e4d6bb90e08d79e0dfbe615c,add,14,1,1,True,"re - **Supported Providers**: OpenAI, Anthropic, Gemini, Cohere, Mistral, Groq, VertexAI, Fireworks, Cerebras, Writer, Databricks, Anyscale, Together, LiteLLM - **Provider Implementation**: Each provider has a dedicated client file (e.g., `client_anthropic.py`) with factory functions - **Modes**: Di",normative_prescriptive,medium,prescriptive_language_near_reference,Reference appears in prescriptive rule/skill context describing conventions.,deterministic_medium,normative_prescriptive,C,,,,,,,,normative_prescriptive
03ff95638105b96a,https://github.com/567-labs/instructor,CLAUDE.md,script_name,client.py,5d9de64fc8ec1ee087252fbb08621db23d9ae893,modify,13,3,3,True,"- **Comments**: Docstrings for public functions, inline comments for complex logic - **Commits**: Follow conventional commits format (type(scope): description) ## Core Architecture - **Base Classes**: `Instructor` and `AsyncInstructor` in client.py are the foundation - **Factory Pattern**: Provider-",normative_prescriptive,medium,prescriptive_language_near_reference,Reference appears in prescriptive rule/skill context describing conventions.,deterministic_medium,normative_prescriptive,C,,,,,,,,normative_prescriptive
03ff95638105b96a,https://github.com/567-labs/instructor,CLAUDE.md,script_name,auto_client.py,5d9de64fc8ec1ee087252fbb08621db23d9ae893,modify,13,1,1,True,"e - **Base Classes**: `Instructor` and `AsyncInstructor` in client.py are the foundation - **Factory Pattern**: Provider-specific factory functions (`from_openai`, `from_anthropic`, etc.) - **Unified Access**: `from_provider()` function in auto_client.py for automatic provider detection - **Mode Sys",normative_prescriptive,medium,prescriptive_language_near_reference,Reference appears in prescriptive rule/skill context describing conventions.,deterministic_medium,normative_prescriptive,C,,,,,,,,normative_prescriptive
03ff95638105b96a,https://github.com/567-labs/instructor,CLAUDE.md,script_name,process_response.py,5d9de64fc8ec1ee087252fbb08621db23d9ae893,modify,13,1,1,True,"Testing**: Tests in `tests/llm/` directory, define Pydantic models, make API calls, verify structured outputs - **Provider Detection**: `get_provider` function analyzes base URL to detect which provider is being used ## Key Components - **process_response.py**: Handles parsing and converting LLM out",normative_prescriptive,medium,prescriptive_language_near_reference,Reference appears in prescriptive rule/skill context describing conventions.,deterministic_medium,normative_prescriptive,C,,,,,,,,normative_prescriptive
03ff95638105b96a,https://github.com/567-labs/instructor,CLAUDE.md,script_name,patch.py,5d9de64fc8ec1ee087252fbb08621db23d9ae893,modify,13,1,1,True,y structured outputs - **Provider Detection**: `get_provider` function analyzes base URL to detect which provider is being used ## Key Components - **process_response.py**: Handles parsing and converting LLM outputs to Pydantic models - **patch.py**: Contains the core patching logic for modifying pr,normative_prescriptive,medium,prescriptive_language_near_reference,Reference appears in prescriptive rule/skill context describing conventions.,deterministic_medium,normative_prescriptive,C,,,,,,,,normative_prescriptive
03ff95638105b96a,https://github.com/567-labs/instructor,CLAUDE.md,script_name,retry.py,5d9de64fc8ec1ee087252fbb08621db23d9ae893,modify,13,1,1,True,es generating function/tool schemas from Pydantic models - **hooks.py**: Provides event hooks for intercepting various stages of the LLM request/response cycle - **dsl/**: Domain-specific language extensions for specialized model types - **retry.py**: Implements retry logic for handling validation f,normative_prescriptive,medium,prescriptive_language_near_reference,Reference appears in prescriptive rule/skill context describing conventions.,deterministic_medium,normative_prescriptive,C,,,,,,,,normative_prescriptive
03ff95638105b96a,https://github.com/567-labs/instructor,CLAUDE.md,script_name,validators.py,5d9de64fc8ec1ee087252fbb08621db23d9ae893,modify,13,1,1,True,Provides event hooks for intercepting various stages of the LLM request/response cycle - **dsl/**: Domain-specific language extensions for specialized model types - **retry.py**: Implements retry logic for handling validation failures - **validators.py**: Custom validation mechanisms for structured ,normative_prescriptive,medium,prescriptive_language_near_reference,Reference appears in prescriptive rule/skill context describing conventions.,deterministic_medium,normative_prescriptive,C,,,,,,,,normative_prescriptive
03ff95638105b96a,https://github.com/567-labs/instructor,CLAUDE.md,script_name,conftest.py,5d9de64fc8ec1ee087252fbb08621db23d9ae893,modify,13,6,9,True,.py**: Implements retry logic for handling validation failures - **validators.py**: Custom validation mechanisms for structured outputs ## Testing Guidelines - Tests are organized by provider under `tests/llm/` - Each provider has its own conftest.py with fixtures - Standard tests cover: basic extra,normative_prescriptive,medium,prescriptive_language_near_reference,Reference appears in prescriptive rule/skill context describing conventions.,deterministic_medium,normative_prescriptive,C,,,,,,,,normative_prescriptive
03ff95638105b96a,https://github.com/567-labs/instructor,CLAUDE.md,directory,dsl/,f4dd2771edc619c1df4a8f6093b4e7dcfcfad62b,modify,12,1,1,True,patching logic for modifying provider clients - **function_calls.py**: Handles generating function/tool schemas from Pydantic models - **hooks.py**: Provides event hooks for intercepting various stages of the LLM request/response cycle - **dsl/**: Domain-specific language extensions for specialized ,normative_prescriptive,medium,prescriptive_language_near_reference,Reference appears in prescriptive rule/skill context describing conventions.,deterministic_medium,normative_prescriptive,C,,,,,,,,normative_prescriptive
03ff95638105b96a,https://github.com/567-labs/instructor,CLAUDE.md,directory,tests/llm/test_provider/evals/,5d9de64fc8ec1ee087252fbb08621db23d9ae893,modify,13,1,1,True,"tured outputs ## Testing Guidelines - Tests are organized by provider under `tests/llm/` - Each provider has its own conftest.py with fixtures - Standard tests cover: basic extraction, streaming, validation, retries - Evaluation tests in `tests/llm/test_provider/evals/` assess model capabilities - U",pre_observation_evolution,medium,file_predates_panel_with_persistent_missing,Structured path missing from first panel snapshot; file existed before observation window.,deterministic_medium,pre_observation_evolution,D,,,,,,,,pre_observation_evolution
03ff95638105b96a,https://github.com/567-labs/instructor,CLAUDE.md,script_name,function_calls.py,5d9de64fc8ec1ee087252fbb08621db23d9ae893,modify,13,1,1,True,base URL to detect which provider is being used ## Key Components - **process_response.py**: Handles parsing and converting LLM outputs to Pydantic models - **patch.py**: Contains the core patching logic for modifying provider clients - **function_calls.py**: Handles generating function/tool schemas,pre_observation_evolution,medium,file_predates_panel_with_persistent_missing,Structured path missing from first panel snapshot; file existed before observation window.,deterministic_medium,pre_observation_evolution,D,,,,,,,,pre_observation_evolution
03ff95638105b96a,https://github.com/567-labs/instructor,CLAUDE.md,script_name,hooks.py,5d9de64fc8ec1ee087252fbb08621db23d9ae893,modify,13,1,1,True,.py**: Handles parsing and converting LLM outputs to Pydantic models - **patch.py**: Contains the core patching logic for modifying provider clients - **function_calls.py**: Handles generating function/tool schemas from Pydantic models - **hooks.py**: Provides event hooks for intercepting various st,pre_observation_evolution,medium,file_predates_panel_with_persistent_missing,Structured path missing from first panel snapshot; file existed before observation window.,deterministic_medium,pre_observation_evolution,D,,,,,,,,pre_observation_evolution
03ff95638105b96a,https://github.com/567-labs/instructor,CLAUDE.md,directory,uv run pytest tests/,f4dd2771edc619c1df4a8f6093b4e7dcfcfad62b,modify,5,1,1,True,"guidance to Claude Code (claude.ai/code) when working with code in this repository. # Instructor Development Guide ## Commands - Install deps: `uv pip install -e "".[dev,anthropic]""` or `poetry install --with dev,anthropic` - Run tests: `uv run pytest tests/` - Run specific test: `uv run pytest tests",pre_observation_evolution,medium,file_predates_panel_with_persistent_missing,Structured path missing from first panel snapshot; file existed before observation window.,deterministic_medium,pre_observation_evolution,D,,,,,,,,pre_observation_evolution
03ff95638105b96a,https://github.com/567-labs/instructor,CLAUDE.md,path,docs/integrations/your_provider.md,f4dd2771edc619c1df4a8f6093b4e7dcfcfad62b,modify,12,1,1,True,6. **Create Tests** in `tests/llm/test_your_provider/`: - `conftest.py` with client fixtures - Basic extraction tests - Streaming tests - Validation/retry tests - No mocking - use real API calls 7. **Add Documentation** in `docs/integrations/your_provider.md`: - Installation instructions - Basic usa,pre_observation_evolution,medium,file_predates_panel_with_persistent_missing,Structured path missing from first panel snapshot; file existed before observation window.,deterministic_medium,pre_observation_evolution,D,,,,,,,,pre_observation_evolution
03ff95638105b96a,https://github.com/567-labs/instructor,CLAUDE.md,directory,learning/,f4dd2771edc619c1df4a8f6093b4e7dcfcfad62b,modify,12,1,1,True,capabilities - No mocking - all tests use real API calls - `docs/` - MkDocs documentation - `concepts/` - Core concepts and features - `integrations/` - Provider-specific guides - `examples/` - Practical examples and cookbooks - `learning/` - Progressive tutorial path - `blog/posts/` - Technical art,pre_observation_evolution,medium,file_predates_panel_with_persistent_missing,Structured path missing from first panel snapshot; file existed before observation window.,deterministic_medium,pre_observation_evolution,D,,,,,,,,pre_observation_evolution
03ff95638105b96a,https://github.com/567-labs/instructor,CLAUDE.md,directory,blog/posts/,f4dd2771edc619c1df4a8f6093b4e7dcfcfad62b,modify,12,1,1,True,real API calls - `docs/` - MkDocs documentation - `concepts/` - Core concepts and features - `integrations/` - Provider-specific guides - `examples/` - Practical examples and cookbooks - `learning/` - Progressive tutorial path - `blog/posts/` - Technical articles and announcements - `templates/` - T,pre_observation_evolution,medium,file_predates_panel_with_persistent_missing,Structured path missing from first panel snapshot; file existed before observation window.,deterministic_medium,pre_observation_evolution,D,,,,,,,,pre_observation_evolution
03ff95638105b96a,https://github.com/567-labs/instructor,CLAUDE.md,script_name,hide_lines.py,f4dd2771edc619c1df4a8f6093b4e7dcfcfad62b,modify,12,1,1,True,xtensive customization - **Plugins**: - `mkdocstrings` - API documentation from docstrings - `mkdocs-jupyter` - Notebook integration - `mkdocs-redirects` - URL management - Custom hooks for code processing - **Custom Processing**: `hide_lines.py` removes code marked with `# <%hide%>` - **Redirect Ma,pre_observation_evolution,medium,file_predates_panel_with_persistent_missing,Structured path missing from first panel snapshot; file existed before observation window.,deterministic_medium,pre_observation_evolution,D,,,,,,,,pre_observation_evolution
045697c18e22b2e6,https://github.com/datadog/dd-trace-js,AGENTS.md,path,/test/index.spec.js,10cb57e4328df741fdac10e34e91c8d896f6af27,modify,36,1,3,True,"**Use `PLUGINS` env var:** ```bash PLUGINS=""amqplib"" npm run test:plugins # pipe-delimited for multiple: PLUGINS=""amqplib|bluebird"" ``` To run a single test file directly: ```bash ./node_modules/.bin/mocha packages/datadog-plugin-<name>/test/index.spec.js ``` **Narrow within plugin tests (optional):",pre_observation_evolution,medium,file_predates_panel_with_persistent_missing,Structured path missing from first panel snapshot; file existed before observation window.,deterministic_medium,pre_observation_evolution,D,,,,,,,,pre_observation_evolution
0d8bce7e29a5cd98,https://github.com/microsoft/vscode,.github/copilot-instructions.md,directory,workbench/services/,ee88620afc77cd8f92a98a95574a88cd74b4b9c7,modify,70,1,2,True,"r implementation with language services, syntax highlighting, and editing features - `src/vs/workbench/` - Main application workbench for web and desktop - `workbench/browser/` - Core workbench UI components (parts, layout, actions) - `workbench/services/` - Service implementations - `workbench/cont",pre_observation_evolution,medium,file_predates_panel_with_persistent_missing,Structured path missing from first panel snapshot; file existed before observation window.,deterministic_medium,pre_observation_evolution,D,,,,,,,,pre_observation_evolution
0d8bce7e29a5cd98,https://github.com/microsoft/vscode,.github/copilot-instructions.md,directory,workbench/contrib/,ee88620afc77cd8f92a98a95574a88cd74b4b9c7,modify,70,1,2,True,"lighting, and editing features - `src/vs/workbench/` - Main application workbench for web and desktop - `workbench/browser/` - Core workbench UI components (parts, layout, actions) - `workbench/services/` - Service implementations - `workbench/contrib/` - Feature contributions (git, debug, search, t",pre_observation_evolution,medium,file_predates_panel_with_persistent_missing,Structured path missing from first panel snapshot; file existed before observation window.,deterministic_medium,pre_observation_evolution,D,,,,,,,,pre_observation_evolution
0d8bce7e29a5cd98,https://github.com/microsoft/vscode,.github/copilot-instructions.md,directory,workbench/api/,ee88620afc77cd8f92a98a95574a88cd74b4b9c7,modify,70,1,2,True,"web and desktop - `workbench/browser/` - Core workbench UI components (parts, layout, actions) - `workbench/services/` - Service implementations - `workbench/contrib/` - Feature contributions (git, debug, search, terminal, etc.) - `workbench/api/` - Extension host and VS Code API implementation - `s",pre_observation_evolution,medium,file_predates_panel_with_persistent_missing,Structured path missing from first panel snapshot; file existed before observation window.,deterministic_medium,pre_observation_evolution,D,,,,,,,,pre_observation_evolution
0d8bce7e29a5cd98,https://github.com/microsoft/vscode,.github/copilot-instructions.md,directory,typescript-language-features/,ee88620afc77cd8f92a98a95574a88cd74b4b9c7,modify,70,1,2,True,"- **Cross-platform compatibility** - Abstractions separate platform-specific code ### Built-in Extensions (`extensions/` folder) The `extensions/` directory contains first-party extensions that ship with VS Code: - **Language support** - `typescript-language-features/`, `html-language-features/`, `c",pre_observation_evolution,medium,file_predates_panel_with_persistent_missing,Structured path missing from first panel snapshot; file existed before observation window.,deterministic_medium,pre_observation_evolution,D,,,,,,,,pre_observation_evolution
0d8bce7e29a5cd98,https://github.com/microsoft/vscode,.github/copilot-instructions.md,directory,html-language-features/,ee88620afc77cd8f92a98a95574a88cd74b4b9c7,modify,70,1,2,True,"* - Abstractions separate platform-specific code ### Built-in Extensions (`extensions/` folder) The `extensions/` directory contains first-party extensions that ship with VS Code: - **Language support** - `typescript-language-features/`, `html-language-features/`, `css-language-features/`, etc. - **",pre_observation_evolution,medium,file_predates_panel_with_persistent_missing,Structured path missing from first panel snapshot; file existed before observation window.,deterministic_medium,pre_observation_evolution,D,,,,,,,,pre_observation_evolution
0d8bce7e29a5cd98,https://github.com/microsoft/vscode,.github/copilot-instructions.md,directory,css-language-features/,ee88620afc77cd8f92a98a95574a88cd74b4b9c7,modify,70,1,2,True,"latform-specific code ### Built-in Extensions (`extensions/` folder) The `extensions/` directory contains first-party extensions that ship with VS Code: - **Language support** - `typescript-language-features/`, `html-language-features/`, `css-language-features/`, etc. - **Core features** - `git/`, `",pre_observation_evolution,medium,file_predates_panel_with_persistent_missing,Structured path missing from first panel snapshot; file existed before observation window.,deterministic_medium,pre_observation_evolution,D,,,,,,,,pre_observation_evolution
03ff95638105b96a,https://github.com/567-labs/instructor,CLAUDE.md,dependency,requirements-doc.txt,f4dd2771edc619c1df4a8f6093b4e7dcfcfad62b,modify,12,1,1,True,ter` used internally for JSON schema generation - Field validators and custom types - Models serve dual purpose: validation and documentation ## Building Documentation ### Setup ```bash # Install documentation dependencies pip install -r requirements-doc.txt ``` ### Local Development ```bash # Serve,external_reference,high,external_or_dependency_token,"Package, URL, or non-repo product token — not an in-tree path claim.",deterministic_high,external_reference,E,,,,,,,,external_reference
0c6c8a962b287919,https://github.com/jmberesford/retrom,.agents/skills/docker-development/references/dind-testing-patterns.md,dependency,molecule,03925479f5c6950ff750e038e51accef34a9e7cd,add,2,1,1,True,"R_OPTS: ""--storage-driver=vfs"" options: --privileged ``` ## Systemd in Containers When testing with containers that run systemd (e.g., Molecule testing on systemd-based OS images), additional configuration is required: ```yaml # molecule/default/molecule.yml platforms: - name: instance image: geerli",external_reference,high,external_or_dependency_token,"Package, URL, or non-repo product token — not an in-tree path claim.",deterministic_high,external_reference,E,,,,,,,,external_reference
0d8bce7e29a5cd98,https://github.com/microsoft/vscode,extensions/copilot/.agents/skills/github-copilot-upgrader/SKILL.md,dependency,@github/copilot@latest,88fc27106aea5521707486c23bd7101ad35e9993,modify,2,1,1,True,1. Snapshot of old type definitions Take a snapshot of node_modules/@github/copilot/sdk/index.d.ts to compare against after the upghttps://github.com/microsoft/vscode/issues/291457rade. ### 2. Update the package using command `npm install @github/copilot@latest` After this you MSUT run `npm run post,external_reference,high,external_or_dependency_token,"Package, URL, or non-repo product token — not an in-tree path claim.",deterministic_high,external_reference,E,,,,,,,,external_reference
0d8bce7e29a5cd98,https://github.com/microsoft/vscode,src/vs/sessions/skills/generate-run-commands/SKILL.md,dependency,requirements.txt,201c439f3bd29d8be5b6f25cd9fb446ddb5061fb,modify,5,3,3,True,"ce: - Check `package.json`, `Makefile`, `pyproject.toml`, `Cargo.toml`, `go.mod`, `.nvmrc`, or other project files to understand the stack and common commands. - If it's clear what the setup command is (e.g., `npm install`, `pip install -r requirements.txt`), add it with `""runOptions"": { ""runOn"": ""w",external_reference,high,external_or_dependency_token,"Package, URL, or non-repo product token — not an in-tree path claim.",deterministic_high,external_reference,E,,,,,,,,external_reference
0e4ba13097809b36,https://github.com/azure/azure-sdk-for-python,.github/skills/fix-black/SKILL.md,dependency,dev_requirements.txt,80ad9ce4a7f2bf89e7562c07a6ca031041228ed0,add,2,2,4,True,ual environment. Never run commands outside the venv.** ### Step 2: Install Dependencies (within activated venv) ```powershell # Navigate to the package directory (within activated venv) cd <package-path> # Install dev dependencies from dev_requirements.txt (within activated venv) pip install -r dev,external_reference,high,external_or_dependency_token,"Package, URL, or non-repo product token — not an in-tree path claim.",deterministic_high,external_reference,E,,,,,,,,external_reference
0e4ba13097809b36,https://github.com/azure/azure-sdk-for-python,.github/skills/ml/fix-pylint/SKILL.md,dependency,dev_requirements.txt,aaa8ecd98ec6e8fef288d2a448d70129dde23a48,add,4,2,4,True,environment. Never run commands outside the venv.** ### Step 2: Install Dependencies (within activated venv) ```powershell # Navigate to azure-ai-ml directory (within activated venv) cd sdk/ml/azure-ai-ml # Install dev dependencies from dev_requirements.txt (within activated venv) pip install -r dev,external_reference,high,external_or_dependency_token,"Package, URL, or non-repo product token — not an in-tree path claim.",deterministic_high,external_reference,E,,,,,,,,external_reference
11b846fbcc07d4c2,https://github.com/paloaltonetworks/docusaurus-openapi-docs,AGENTS.md,dependency,docusaurus-plugin-openapi-docs@beta,5176afdc0c66a8a85ae6aa8fed9e904d7571909f,modify,2,1,1,True,` or `betapatch` to bump versions 2. Generate changelog with `yarn release:changelog` 3. Merge to the beta branch 4. The `release-beta.yaml` workflow publishes with the `beta` npm tag Users install beta versions with: ```bash npm install docusaurus-plugin-openapi-docs@beta ``` ### Troubleshooting Re,external_reference,high,external_or_dependency_token,"Package, URL, or non-repo product token — not an in-tree path claim.",deterministic_high,external_reference,E,,,,,,,,external_reference
13d96f6971fff698,https://github.com/anthropics/claude-code,plugins/plugin-dev/skills/hook-development/SKILL.md,dependency,fi,fee53699c380fef3c0dd9a9c7e3ba925e7f621fc,modify,4,1,1,True,"ompt-based hooks"", ""use ${CLAUDE_PLUGIN_ROOT}"", ""set up event-driven automation"", ""block dangerous commands"", or mentions hook events (PreToolUse, PostToolUse, Stop, SubagentStop, SessionStart, SessionEnd, UserPromptSubmit, PreCompact, Notification, PreTeleport, PostTeleport). Provides comprehensive",external_reference,high,external_or_dependency_token,"Package, URL, or non-repo product token — not an in-tree path claim.",deterministic_high,external_reference,E,,,,,,,,external_reference
1b2e6c6b097e37df,https://github.com/agents2agentsai/ata,codex-rs/skills/src/assets/samples/imagegen/SKILL.md,dependency,pillow,a10960e41c02f1a1c2819d9384039a8b9b67480d,add,4,1,1,True,l output paths; keep filenames stable and descriptive. ### Dependencies Prefer `uv` for dependency management in this repo. Required Python package: ```bash uv pip install openai ``` Optional for downscaling only: ```bash uv pip install pillow ``` Portability note: - If you are using the installed s,external_reference,high,external_or_dependency_token,"Package, URL, or non-repo product token — not an in-tree path claim.",deterministic_high,external_reference,E,,,,,,,,external_reference
2201521926ce8f58,https://github.com/alfanous-team/alfanous,.github/copilot-instructions.md,dependency,pyparsing,28faed9854bfdec3b2f21b11561c87792ba46b03,add,7,1,1,True,"PI for the Holy Qur'an that provides simple and advanced search capabilities. The project is written in Python and uses Whoosh for indexing and search functionality. ## Technology Stack - **Language**: Python 3.8+ - **Core Dependencies**: pyparsing, whoosh - **Testing Framework**: pytest - **License",external_reference,high,external_or_dependency_token,"Package, URL, or non-repo product token — not an in-tree path claim.",deterministic_high,external_reference,E,,,,,,,,external_reference
80c1e78b3cbb6701,https://github.com/copilotkit/copilotkit,.cursor/rules/examples-and-demos.mdc,dependency,requirements.txt,c1241bd27eb5e1c43ceb9d2accce6301f8691188,add,2,3,3,True,tend Next.js application ├── README.md # Setup instructions └── package.json # Dependencies ``` ## Running Examples 1. Navigate to the example directory 2. Install dependencies: `npm install` or `pip install -r requirements.txt` 3. Follow the README.md instructions for setup 4. Run the frontend: `np,external_reference,high,external_or_dependency_token,"Package, URL, or non-repo product token — not an in-tree path claim.",deterministic_high,external_reference,E,,,,,,,,external_reference
87071fd400d0446f,https://github.com/nvidia/physicsnemo,.cursor/rules/mod-011-use-proper-optional-dependency-handling.mdc,dependency,apex,9c1105c8c7d7b95aa85f46dd94da52ec7972450c,add,1,1,1,True,"le:** ```python import torch from physicsnemo.core import Module from physicsnemo.core.version_check import check_min_version, require_version # Check optional dependency availability without importing APEX_AVAILABLE = check_min_version(""apex"", ""0.1.0"", hard_fail=False) class MyModel(Module): def __",external_reference,high,external_or_dependency_token,"Package, URL, or non-repo product token — not an in-tree path claim.",deterministic_high,external_reference,E,,,,,,,,external_reference
9856eaec5894ba65,https://github.com/azure-samples/art-voice-agent-accelerator,.github/skills/add-mcp-server/SKILL.md,dependency,--no-cache-dir,5f7d9bc1b399cf4973fc6e50f72c853848293a5a,add,1,1,1,True,": Deploy as Container App (Recommended) ### Step 1: Dockerfile ```dockerfile # apps/myserver/Dockerfile.mcp FROM python:3.11-slim WORKDIR /app ENV PYTHONPATH=""/app"" PORT=80 COPY apps/myserver/mcp_app/requirements.txt ./ RUN pip install --no-cache-dir -r requirements.txt # Copy shared libs if needed ",external_reference,high,external_or_dependency_token,"Package, URL, or non-repo product token — not an in-tree path claim.",deterministic_high,external_reference,E,,,,,,,,external_reference
ad8952854864b7f2,https://github.com/azure/azure-sdk-tools,packages/python-packages/apiview-copilot/.github/skills/dev-setup/SKILL.md,dependency,dev_requirements.txt,fbb42bdb29e6d6eb9840620f5a74280db9c60cd0,add,2,2,4,True,a virtual environment ```bash # Windows python -m venv .venv .venv\Scripts\activate # Linux/macOS python -m venv .venv source .venv/bin/activate ``` ### 2. Install dependencies ```bash # Runtime + dev + eval dependencies pip install -r dev_requirements.txt # Runtime only pip install -r requirements.,external_reference,high,external_or_dependency_token,"Package, URL, or non-repo product token — not an in-tree path claim.",deterministic_high,external_reference,E,,,,,,,,external_reference
ad8952854864b7f2,https://github.com/azure/azure-sdk-tools,packages/python-packages/apiview-copilot/.github/skills/dev-setup/SKILL.md,dependency,requirements.txt,fbb42bdb29e6d6eb9840620f5a74280db9c60cd0,add,2,3,3,True,rtual environment ```bash # Windows python -m venv .venv .venv\Scripts\activate # Linux/macOS python -m venv .venv source .venv/bin/activate ``` ### 2. Install dependencies ```bash # Runtime + dev + eval dependencies pip install -r dev_requirements.txt # Runtime only pip install -r requirements.txt ,external_reference,high,external_or_dependency_token,"Package, URL, or non-repo product token — not an in-tree path claim.",deterministic_high,external_reference,E,,,,,,,,external_reference
03ff95638105b96a,https://github.com/567-labs/instructor,.cursor/rules/documentation-sync.mdc,path,index.md,8edae175e6f426c20020baa2a9274c9cd099dafd,add,1,2,2,True,creating new markdown files: - Add the file to mkdocs.yml under the appropriate section - Follow the existing hierarchy and indentation - Use descriptive nav titles - Example: ```yaml nav: - Home: index.md - Guides: - Getting Started: guides/getting-started.md - Your New File: guides/your-new-file.m,verification_anchor_mismatch,high,relative_or_single_segment_anchor,Path likely requires instruction-relative anchor; verified from repo root only.,deterministic_high,verification_anchor_mismatch,G,,,,,,,,verification_anchor_mismatch
03ff95638105b96a,https://github.com/567-labs/instructor,.cursor/rules/documentation-sync.mdc,path,simple-language.mdc,8edae175e6f426c20020baa2a9274c9cd099dafd,add,1,1,2,True,tion: - Ensure new functions/classes are documented - Include type hints and docstrings - Add usage examples - Update API reference docs if auto-generated - Documentation Quality: - Write at grade 10 reading level (see simple-language.mdc) - Include working code examples - Add links to related docum,verification_anchor_mismatch,high,relative_or_single_segment_anchor,Path likely requires instruction-relative anchor; verified from repo root only.,deterministic_high,verification_anchor_mismatch,G,,,,,,,,verification_anchor_mismatch
03ff95638105b96a,https://github.com/567-labs/instructor,.cursor/rules/new-features-planning.mdc,path,todo.md,8edae175e6f426c20020baa2a9274c9cd099dafd,add,5,2,5,True,"t new features or clientsthe2` globs: *.py alwaysApply: true --- - When being asked to make new features, make sure that you check out from main a new branch and make incremental commits - If the feature is very large, create a temporary `todo.md` - And start a pull request using `gh` - Make sure to",verification_anchor_mismatch,high,relative_or_single_segment_anchor,Path likely requires instruction-relative anchor; verified from repo root only.,deterministic_high,verification_anchor_mismatch,G,,,,,,,,verification_anchor_mismatch
03ff95638105b96a,https://github.com/567-labs/instructor,.cursor/rules/new-features-planning.mdc,path,pr_body.md,5a4d433dc6a5cbab8e4754641a713daa3a242194,modify,3,1,1,True,"nges - List important changes - Another change ## Testing How this was tested This PR was written by [Cursor](cursor.com) EOF )"" -r jxnl,ivanleomk ``` - Or use the `-F` flag with a file: `gh pr create -F pr_body.md` - Make sure to include `This PR was written by [Cursor](mdc:cursor.com)` - Add defau",verification_anchor_mismatch,high,relative_or_single_segment_anchor,Path likely requires instruction-relative anchor; verified from repo root only.,deterministic_high,verification_anchor_mismatch,G,,,,,,,,verification_anchor_mismatch
03ff95638105b96a,https://github.com/567-labs/instructor,.cursor/rules/readme.md,path,simple-language.mdc,8edae175e6f426c20020baa2a9274c9cd099dafd,add,1,1,2,True,"d refactoring suggestions ## Understanding Cursor Rules Cursor rules are defined in `.mdc` files within the `.cursor/rules` directory. Each rule file follows a specific naming convention: lowercase names with the `.mdc` extension (e.g., `simple-language.mdc`). Each rule file contains: 1. **Metadata ",verification_anchor_mismatch,high,relative_or_single_segment_anchor,Path likely requires instruction-relative anchor; verified from repo root only.,deterministic_high,verification_anchor_mismatch,G,,,,,,,,verification_anchor_mismatch
03ff95638105b96a,https://github.com/567-labs/instructor,.cursor/rules/readme.md,path,new-features-planning.mdc,8edae175e6f426c20020baa2a9274c9cd099dafd,add,1,1,1,True,entation is written at a grade 10 reading level - **Applies to**: Markdown files (*.md) - **Auto Apply**: No - **Key Requirements**: - Write at grade 10 reading level - Ensure code blocks are self-contained with complete imports ### `new-features-planning.mdc` - **Purpose**: Guides feature implement,verification_anchor_mismatch,high,relative_or_single_segment_anchor,Path likely requires instruction-relative anchor; verified from repo root only.,deterministic_high,verification_anchor_mismatch,G,,,,,,,,verification_anchor_mismatch
03ff95638105b96a,https://github.com/567-labs/instructor,.cursor/rules/readme.md,path,followups.mdc,8edae175e6f426c20020baa2a9274c9cd099dafd,add,1,1,1,True,"equirements**: - Create new branch from main - Make incremental commits - Create todo.md for large features - Start pull requests using GitHub CLI (`gh`) - Include ""This PR was written by [Cursor](https://cursor.sh)"" in PRs ### `followups.mdc` - **Purpose**: Ensures thoughtful follow-up suggestions ",verification_anchor_mismatch,high,relative_or_single_segment_anchor,Path likely requires instruction-relative anchor; verified from repo root only.,deterministic_high,verification_anchor_mismatch,G,,,,,,,,verification_anchor_mismatch
03ff95638105b96a,https://github.com/567-labs/instructor,.cursor/rules/readme.md,path,documentation-sync.mdc,8edae175e6f426c20020baa2a9274c9cd099dafd,add,1,1,1,True,"tionable hotkey suggestions using: - [J]: First follow-up action - [K]: Second follow-up action - [L]: Third follow-up action - Focus on small, contextual code changes - Suggestions should be thoughtful and actionable ### `documentation-sync.mdc` - **Purpose**: Maintains documentation consistency wi",verification_anchor_mismatch,high,relative_or_single_segment_anchor,Path likely requires instruction-relative anchor; verified from repo root only.,deterministic_high,verification_anchor_mismatch,G,,,,,,,,verification_anchor_mismatch
03ff95638105b96a,https://github.com/567-labs/instructor,.cursor/rules/readme.md,path,todo.md,8edae175e6f426c20020baa2a9274c9cd099dafd,add,1,2,5,True,# `new-features-planning.mdc` - **Purpose**: Guides feature implementation workflow - **Applies to**: Python files (*.py) - **Auto Apply**: Yes - **Key Requirements**: - Create new branch from main - Make incremental commits - Create todo.md for large features - Start pull requests using GitHub CLI ,verification_anchor_mismatch,high,relative_or_single_segment_anchor,Path likely requires instruction-relative anchor; verified from repo root only.,deterministic_high,verification_anchor_mismatch,G,,,,,,,,verification_anchor_mismatch
03ff95638105b96a,https://github.com/567-labs/instructor,CLAUDE.md,path,client_anthropic.py,cf01774c40bce575e4d6bb90e08d79e0dfbe615c,add,14,1,1,True,"re - **Supported Providers**: OpenAI, Anthropic, Gemini, Cohere, Mistral, Groq, VertexAI, Fireworks, Cerebras, Writer, Databricks, Anyscale, Together, LiteLLM - **Provider Implementation**: Each provider has a dedicated client file (e.g., `client_anthropic.py`) with factory functions - **Modes**: Di",verification_anchor_mismatch,high,relative_or_single_segment_anchor,Path likely requires instruction-relative anchor; verified from repo root only.,deterministic_high,verification_anchor_mismatch,G,,,,,,,,verification_anchor_mismatch
03ff95638105b96a,https://github.com/567-labs/instructor,CLAUDE.md,path,exceptions.py,cf01774c40bce575e4d6bb90e08d79e0dfbe615c,add,14,2,3,True,"ing**: Follow Black's formatting conventions - **Models**: Define structured outputs as Pydantic BaseModel subclasses - **Naming**: snake_case for functions/variables, PascalCase for classes - **Error Handling**: Use custom exceptions from exceptions.py, validate with Pydantic - **Comments**: Docstr",verification_anchor_mismatch,high,relative_or_single_segment_anchor,Path likely requires instruction-relative anchor; verified from repo root only.,deterministic_high,verification_anchor_mismatch,G,,,,,,,,verification_anchor_mismatch
03ff95638105b96a,https://github.com/567-labs/instructor,CLAUDE.md,path,client.py,5d9de64fc8ec1ee087252fbb08621db23d9ae893,modify,13,3,3,True,"- **Comments**: Docstrings for public functions, inline comments for complex logic - **Commits**: Follow conventional commits format (type(scope): description) ## Core Architecture - **Base Classes**: `Instructor` and `AsyncInstructor` in client.py are the foundation - **Factory Pattern**: Provider-",verification_anchor_mismatch,high,relative_or_single_segment_anchor,Path likely requires instruction-relative anchor; verified from repo root only.,deterministic_high,verification_anchor_mismatch,G,,,,,,,,verification_anchor_mismatch
03ff95638105b96a,https://github.com/567-labs/instructor,CLAUDE.md,path,auto_client.py,5d9de64fc8ec1ee087252fbb08621db23d9ae893,modify,13,1,1,True,"e - **Base Classes**: `Instructor` and `AsyncInstructor` in client.py are the foundation - **Factory Pattern**: Provider-specific factory functions (`from_openai`, `from_anthropic`, etc.) - **Unified Access**: `from_provider()` function in auto_client.py for automatic provider detection - **Mode Sys",verification_anchor_mismatch,high,relative_or_single_segment_anchor,Path likely requires instruction-relative anchor; verified from repo root only.,deterministic_high,verification_anchor_mismatch,G,,,,,,,,verification_anchor_mismatch
03ff95638105b96a,https://github.com/567-labs/instructor,CLAUDE.md,path,process_response.py,5d9de64fc8ec1ee087252fbb08621db23d9ae893,modify,13,1,1,True,"Testing**: Tests in `tests/llm/` directory, define Pydantic models, make API calls, verify structured outputs - **Provider Detection**: `get_provider` function analyzes base URL to detect which provider is being used ## Key Components - **process_response.py**: Handles parsing and converting LLM out",verification_anchor_mismatch,high,relative_or_single_segment_anchor,Path likely requires instruction-relative anchor; verified from repo root only.,deterministic_high,verification_anchor_mismatch,G,,,,,,,,verification_anchor_mismatch
03ff95638105b96a,https://github.com/567-labs/instructor,CLAUDE.md,path,patch.py,5d9de64fc8ec1ee087252fbb08621db23d9ae893,modify,13,1,1,True,y structured outputs - **Provider Detection**: `get_provider` function analyzes base URL to detect which provider is being used ## Key Components - **process_response.py**: Handles parsing and converting LLM outputs to Pydantic models - **patch.py**: Contains the core patching logic for modifying pr,verification_anchor_mismatch,high,relative_or_single_segment_anchor,Path likely requires instruction-relative anchor; verified from repo root only.,deterministic_high,verification_anchor_mismatch,G,,,,,,,,verification_anchor_mismatch
03ff95638105b96a,https://github.com/567-labs/instructor,CLAUDE.md,directory,poetry run pytest tests/,cf01774c40bce575e4d6bb90e08d79e0dfbe615c,add,1,1,1,True,"# Instructor Development Guide ## Commands - Install deps: `poetry install --with dev,anthropic` - Run tests: `poetry run pytest tests/` - Run specific test: `poetry run pytest tests/path_to_test.py::test_name` - Skip LLM tests: `poetry run pytest tests/ -k 'not llm and not openai'` - Type check: `p",genuine_false_claim,low,structured_path_always_missing,Plausible repo path persistently absent — may be false claim or unobserved confound.,llm_agreement,genuine_false_claim,F,deepseek-coder-v2:lite,genuine_false_claim,The path 'tests/' is mentioned in the instruction file but does not match any directory structure observed in the repository at the time of observation.,devstral:latest,genuine_false_claim,The directory 'tests/' is mentioned in the documentation but does not exist in the repository at observation time.,True,genuine_false_claim
03ff95638105b96a,https://github.com/567-labs/instructor,CLAUDE.md,directory,pytest tests/,5d9de64fc8ec1ee087252fbb08621db23d9ae893,modify,1,1,1,True,"guidance to Claude Code (claude.ai/code) when working with code in this repository. # Instructor Development Guide ## Commands - Install deps: `uv pip install -e "".[dev,anthropic]""` or `poetry install --with dev,anthropic` - Run tests: `pytest tests/` - Run specific test: `pytest tests/path_to_test.",genuine_false_claim,low,structured_path_always_missing,Plausible repo path persistently absent — may be false claim or unobserved confound.,llm_agreement,genuine_false_claim,F,deepseek-coder-v2:lite,genuine_false_claim,"The path 'tests/' is a plausible directory in the repository, but it does not match any existing directory at the time of observation.",devstral:latest,genuine_false_claim,The directory 'tests/' is mentioned in the documentation but does not exist in the repository at any observed point.,True,genuine_false_claim
045697c18e22b2e6,https://github.com/datadog/dd-trace-js,AGENTS.md,directory,packages/datadog-plugin-*/,4b40f00f7860d074ad4346a17b164b5c57e409a4,add,54,1,1,True,"`packages/dd-trace/` - Main library (APM, profiling, debugger, appsec, llmobs, CI visibility) - `packages/datadog-core/` - Async context storage, shared utilities - `packages/datadog-instrumentations/` - Instrumentation implementations - `packages/datadog-plugin-*/` - 100+ plugins for third-party in",genuine_false_claim,low,structured_path_always_missing,Plausible repo path persistently absent — may be false claim or unobserved confound.,llm_agreement,genuine_false_claim,F,deepseek-coder-v2:lite,genuine_false_claim,"The path 'packages/datadog-plugin-*/' is not found in the repository at the observation time, suggesting it might be an incorrect or outdated reference.",devstral:latest,genuine_false_claim,The path 'packages/datadog-plugin-*/' is not present in the repository at observation time.,True,genuine_false_claim
045697c18e22b2e6,https://github.com/datadog/dd-trace-js,AGENTS.md,path,node:assert/strict,4b40f00f7860d074ad4346a17b164b5c57e409a4,add,54,2,5,True,in sandboxes) don't count towards nyc coverage metrics - Don't add redundant unit tests solely to improve coverage numbers - Focus on covering important production code paths with whichever test type makes sense ### Test Assertions Use `node:assert/strict` for standard assertions. For partial deep o,genuine_false_claim,low,structured_path_always_missing,Plausible repo path persistently absent — may be false claim or unobserved confound.,llm_agreement,genuine_false_claim,F,deepseek-coder-v2:lite,genuine_false_claim,"The path 'node:assert/strict' appears to be a false claim, as it does not match any files or directories in the repository at the observed time.",devstral:latest,genuine_false_claim,"The path 'node:assert/strict' is not present in the repository, suggesting a false claim.",True,genuine_false_claim
045697c18e22b2e6,https://github.com/datadog/dd-trace-js,AGENTS.md,path,src/index.js,4b40f00f7860d074ad4346a17b164b5c57e409a4,add,54,1,3,True,"rty library/framework 2. Adding a new product feature that integrates with existing libraries (use `CompositePlugin`) ### Creating a New Plugin ```bash mkdir -p packages/datadog-plugin-<name>/{src,test} cp packages/datadog-plugin-kafkajs/src/index.js packages/datadog-plugin-<name>/src/ ``` Edit `src",genuine_false_claim,low,structured_path_always_missing,Plausible repo path persistently absent — may be false claim or unobserved confound.,llm_agreement,genuine_false_claim,F,deepseek-coder-v2:lite,genuine_false_claim,The path 'src/index.js' appears to be a genuine false claim as it is not consistently present in the repository tree across different observations.,devstral:latest,genuine_false_claim,"The path src/index.js is mentioned as a template for copying, not an actual file in the repository.",True,genuine_false_claim
045697c18e22b2e6,https://github.com/datadog/dd-trace-js,AGENTS.md,path,test/index.spec.js,4b40f00f7860d074ad4346a17b164b5c57e409a4,add,54,1,2,True,"LUGINS` env var:** ```bash PLUGINS=""amqplib"" yarn test:plugins PLUGINS=""amqplib|bluebird"" yarn test:plugins # pipe-delimited for multiple ./node_modules/.bin/mocha -r ""packages/dd-trace/test/setup/mocha.js"" packages/datadog-plugin-amqplib/test/index.spec.js ``` **With external services** (check `.gi",genuine_false_claim,low,structured_path_always_missing,Plausible repo path persistently absent — may be false claim or unobserved confound.,llm_agreement,genuine_false_claim,F,deepseek-coder-v2:lite,genuine_false_claim,"The path 'packages/datadog-plugin-amqplib/test/index.spec.js' appears to be incorrect based on the repository structure and documentation provided, suggesting a genuine false claim.",devstral:latest,genuine_false_claim,"The path 'test/index.spec.js' is not found in the repository, suggesting a false claim.",True,genuine_false_claim
045697c18e22b2e6,https://github.com/datadog/dd-trace-js,AGENTS.md,path,path/to/test.spec.js,4b40f00f7860d074ad4346a17b164b5c57e409a4,add,54,1,2,True,"ation:debugger`) ### Running Individual Tests **IMPORTANT**: Never run `yarn test` directly. Use `mocha` or `tap` directly on test files. **Mocha unit tests:** ```bash ./node_modules/.bin/mocha -r ""packages/dd-trace/test/setup/mocha.js"" path/to/test.spec.js ``` **Tap unit tests:** ```bash ./node_mod",genuine_false_claim,low,structured_path_always_missing,Plausible repo path persistently absent — may be false claim or unobserved confound.,llm_agreement,genuine_false_claim,F,deepseek-coder-v2:lite,genuine_false_claim,The reference 'path/to/test.spec.js' appears to be a false claim as it does not match any known repository paths observed during the initial scan.,devstral:latest,genuine_false_claim,The path 'path/to/test.spec.js' is a placeholder example and does not correspond to any actual test file in the repository.,True,genuine_false_claim
045697c18e22b2e6,https://github.com/datadog/dd-trace-js,AGENTS.md,directory,packages/*/src/,7d087f9795b4ed663926f2d6803666187a877b2b,modify,1,1,1,True,"scripts**: `npm run <script>` (lint, tests, build, etc.) - **Never run root `npm test`**: it is intentionally disabled. Run a specific `*.spec.js` file, or a targeted `npm run test:<area>`. - **Production package code is hot-path code** (`packages/*/src/`): - Do not introduce `async/await` or Promis",genuine_false_claim,low,structured_path_always_missing,Plausible repo path persistently absent — may be false claim or unobserved confound.,llm_agreement,genuine_false_claim,F,deepseek-coder-v2:lite,genuine_false_claim,The path 'packages/*/src/' is not a valid repository claim as it does not correspond to any directory in the observed repository tree.,devstral:latest,genuine_false_claim,"The path 'packages/*/src/' is plausible but persistently absent in the repository, suggesting a false claim.",True,genuine_false_claim
045697c18e22b2e6,https://github.com/datadog/dd-trace-js,CLAUDE.md,path,src/config.js,c2a795393f603fd5fe47dfe07154b48dfb8bd9e8,add,1,2,2,True,This is a monorepo using yarn workspaces with the following main packages: - **`packages/dd-trace`**: Core tracer implementation. Entry point for the library. - `src/tracer.js`: Main DatadogTracer class extending OpenTracing Tracer - `src/config.js`: Configuration management with 64k+ lines of optio,genuine_false_claim,low,structured_path_always_missing,Plausible repo path persistently absent — may be false claim or unobserved confound.,llm_agreement,genuine_false_claim,F,deepseek-coder-v2:lite,genuine_false_claim,"The path 'src/config.js' is mentioned in documentation but does not exist at the observed time, suggesting it might be a false claim or an unobserved confound.",devstral:latest,genuine_false_claim,The path 'src/config.js' is mentioned in CLAUDE.md but does not exist in any observed snapshot of the repository.,True,genuine_false_claim
045697c18e22b2e6,https://github.com/datadog/dd-trace-js,CLAUDE.md,path,src/plugins/index.js,c2a795393f603fd5fe47dfe07154b48dfb8bd9e8,add,1,1,1,True,: - **`packages/dd-trace`**: Core tracer implementation. Entry point for the library. - `src/tracer.js`: Main DatadogTracer class extending OpenTracing Tracer - `src/config.js`: Configuration management with 64k+ lines of options - `src/plugins/index.js`: Central registry of all instrumentation plug,genuine_false_claim,low,structured_path_always_missing,Plausible repo path persistently absent — may be false claim or unobserved confound.,llm_agreement,genuine_false_claim,F,deepseek-coder-v2:lite,genuine_false_claim,"The path 'src/plugins/index.js' is mentioned in the documentation but does not exist in the repository at the time of observation, indicating it might be a false claim or an unobserved confound.",devstral:latest,genuine_false_claim,The path src/plugins/index.js is mentioned in CLAUDE.md but does not exist in the repository at any observed time.,True,genuine_false_claim
045697c18e22b2e6,https://github.com/datadog/dd-trace-js,CLAUDE.md,directory,src/exporters/,c2a795393f603fd5fe47dfe07154b48dfb8bd9e8,add,1,1,1,True,"e library. - `src/tracer.js`: Main DatadogTracer class extending OpenTracing Tracer - `src/config.js`: Configuration management with 64k+ lines of options - `src/plugins/index.js`: Central registry of all instrumentation plugins - `src/exporters/`: Exporters for sending data to the Agent (agent, log",genuine_false_claim,low,structured_path_always_missing,Plausible repo path persistently absent — may be false claim or unobserved confound.,llm_agreement,genuine_false_claim,F,deepseek-coder-v2:lite,genuine_false_claim,"The path 'src/exporters/' is listed in the documentation but not consistently found during observations, suggesting it might be a placeholder or an error.",devstral:latest,genuine_false_claim,The directory 'src/exporters/' is mentioned in the documentation but does not exist in the repository at observation time.,True,genuine_false_claim
045697c18e22b2e6,https://github.com/datadog/dd-trace-js,CLAUDE.md,directory,src/appsec/,c2a795393f603fd5fe47dfe07154b48dfb8bd9e8,add,1,1,1,True,"- `src/config.js`: Configuration management with 64k+ lines of options - `src/plugins/index.js`: Central registry of all instrumentation plugins - `src/exporters/`: Exporters for sending data to the Agent (agent, log, span-stats) - `src/appsec/`: Application Security monitoring features - `src/ci-vi",genuine_false_claim,low,structured_path_always_missing,Plausible repo path persistently absent — may be false claim or unobserved confound.,llm_agreement,genuine_false_claim,F,deepseek-coder-v2:lite,genuine_false_claim,"The path 'src/appsec/' is not present in the repository at the time of observation, suggesting it might be a false claim or an unobserved confound.",devstral:latest,genuine_false_claim,The path 'src/appsec/' is mentioned in the documentation but does not exist in the repository at observation time.,True,genuine_false_claim
045697c18e22b2e6,https://github.com/datadog/dd-trace-js,CLAUDE.md,directory,src/ci-visibility/,c2a795393f603fd5fe47dfe07154b48dfb8bd9e8,add,1,1,1,True,"of options - `src/plugins/index.js`: Central registry of all instrumentation plugins - `src/exporters/`: Exporters for sending data to the Agent (agent, log, span-stats) - `src/appsec/`: Application Security monitoring features - `src/ci-visibility/`: CI/CD test visibility features - `src/llmobs/`: ",genuine_false_claim,low,structured_path_always_missing,Plausible repo path persistently absent — may be false claim or unobserved confound.,llm_agreement,genuine_false_claim,F,deepseek-coder-v2:lite,genuine_false_claim,"The path 'src/ci-visibility/' is listed in the documentation but not found in any observable snapshot of the repository, suggesting it may be a placeholder or false claim.",devstral:latest,genuine_false_claim,The path src/ci-visibility/ is mentioned in the documentation but does not exist in the repository at observation time.,True,genuine_false_claim
045697c18e22b2e6,https://github.com/datadog/dd-trace-js,CLAUDE.md,directory,src/llmobs/,c2a795393f603fd5fe47dfe07154b48dfb8bd9e8,add,1,1,1,True,"of all instrumentation plugins - `src/exporters/`: Exporters for sending data to the Agent (agent, log, span-stats) - `src/appsec/`: Application Security monitoring features - `src/ci-visibility/`: CI/CD test visibility features - `src/llmobs/`: LLM observability features - `src/profiling/`: CPU and",genuine_false_claim,low,structured_path_always_missing,Plausible repo path persistently absent — may be false claim or unobserved confound.,llm_agreement,genuine_false_claim,F,deepseek-coder-v2:lite,genuine_false_claim,"The path 'src/llmobs/' is listed as a reference but does not exist in the repository at the observed time, suggesting it might be an incorrect or outdated claim.",devstral:latest,genuine_false_claim,The directory 'src/llmobs/' is mentioned in the documentation but does not exist in the repository at any observed point.,True,genuine_false_claim
045697c18e22b2e6,https://github.com/datadog/dd-trace-js,CLAUDE.md,directory,src/profiling/,c2a795393f603fd5fe47dfe07154b48dfb8bd9e8,add,1,1,1,True,"ers/`: Exporters for sending data to the Agent (agent, log, span-stats) - `src/appsec/`: Application Security monitoring features - `src/ci-visibility/`: CI/CD test visibility features - `src/llmobs/`: LLM observability features - `src/profiling/`: CPU and heap profiling support - `src/lambda/`: AWS",genuine_false_claim,low,structured_path_always_missing,Plausible repo path persistently absent — may be false claim or unobserved confound.,llm_agreement,genuine_false_claim,F,deepseek-coder-v2:lite,genuine_false_claim,"The path 'src/profiling/' is listed as a repository claim, but it does not correspond to any directory in the observable repository at the time of observation.",devstral:latest,genuine_false_claim,The path 'src/profiling/' is mentioned in the documentation but does not exist in the repository at any observed point.,True,genuine_false_claim
0d8bce7e29a5cd98,https://github.com/microsoft/vscode,.github/instructions/agentHostTesting.instructions.md,path,ws://127.0.0.1:8081,b1781a18baa205b22a282177947c88b32ac3416b,add,2,1,1,True,"documentation for more details. ## End to End Testing You can run `node ./scripts/code-agent-host.js` to start an agent host. If you pass `--enable-mock-agent`, then the `ScriptedMockAgent` will be used. By default this will listen on `ws://127.0.0.1:8081`. You can then use the `ahp-websocket` clien",genuine_false_claim,low,structured_path_always_missing,Plausible repo path persistently absent — may be false claim or unobserved confound.,llm_disagreement,unresolved_disagreement,U,deepseek-coder-v2:lite,genuine_false_claim,"The path ws://127.0.0.1:8081 is mentioned in documentation but does not correspond to any known file or directory in the repository, suggesting a potential false claim.",devstral:latest,external_reference,"The reference is a URL for a local websocket server, not an in-repo path.",False,unresolved_disagreement
0d8bce7e29a5cd98,https://github.com/microsoft/vscode,.github/instructions/oss-third-party-notices.instructions.md,path,@img/sharp-win32-x64,fd396ed9a236c29eca5d4fe271f360cb7a5a0ac1,add,4,1,1,True,go-section4.live.ts` is a bounded live check that hits crates.io and GitHub for representative crates. ### Platform-binary Section 5 Section 5 closes a parity gap with the legacy OSS tool for arch-specific npm packages. Packages such as `@img/sharp-win32-x64` or `@esbuild/linux-x64` are optional dep,genuine_false_claim,low,structured_path_always_missing,Plausible repo path persistently absent — may be false claim or unobserved confound.,llm_disagreement,unresolved_disagreement,U,deepseek-coder-v2:lite,genuine_false_claim,The path '@img/sharp-win32-x64' appears to be a placeholder or example that does not correspond to any real file in the repository at the observed time.,devstral:latest,external_reference,"The reference '@img/sharp-win32-x64' is a package name from npm registry, not an in-repo path.",False,unresolved_disagreement
0d8bce7e29a5cd98,https://github.com/microsoft/vscode,.github/instructions/oss-third-party-notices.instructions.md,path,@esbuild/linux-x64,fd396ed9a236c29eca5d4fe271f360cb7a5a0ac1,add,4,1,1,True,bounded live check that hits crates.io and GitHub for representative crates. ### Platform-binary Section 5 Section 5 closes a parity gap with the legacy OSS tool for arch-specific npm packages. Packages such as `@img/sharp-win32-x64` or `@esbuild/linux-x64` are optional dependencies of an arch-indep,genuine_false_claim,low,structured_path_always_missing,Plausible repo path persistently absent — may be false claim or unobserved confound.,llm_disagreement,unresolved_disagreement,U,deepseek-coder-v2:lite,genuine_false_claim,"The path '@esbuild/linux-x64' appears incorrect as it is not consistently found in the repository tree, suggesting a possible false claim or unobserved confound.",devstral:latest,external_reference,"The reference '@esbuild/linux-x64' is an npm package dependency, not a direct repository path.",False,unresolved_disagreement
0d8bce7e29a5cd98,https://github.com/microsoft/vscode,extensions/copilot/.github/instructions/prompt-tsx.instructions.md,directory,br /,e77f2bc8b1054a47169eec0933da178ca20e15d4,add,2,1,1,True,ps.filePath); return ( <> <SystemMessage priority={1000}>File content:</SystemMessage> <UserMessage priority={900}>{fileContent}</UserMessage> </> ); } } ``` ## Prompt-Specific JSX ### Line Breaks - **CRITICAL**: Use `<br />` for line breaks - newlines are NOT preserved in JSX - Never rely on whites,genuine_false_claim,low,structured_path_always_missing,Plausible repo path persistently absent — may be false claim or unobserved confound.,llm_disagreement,unresolved_disagreement,U,deepseek-coder-v2:lite,genuine_false_claim,"The reference text 'br /' appears to be a false claim as it does not correspond to any valid repository path, suggesting it might have been incorrectly inserted or is an artifact of the documentation process.",devstral:latest,extraction_artifact,"The reference 'br /' appears to be a misinterpreted code snippet, not a real repository claim.",False,unresolved_disagreement
0d8bce7e29a5cd98,https://github.com/microsoft/vscode,extensions/copilot/src/extension/chatSessions/copilotcli/AGENTS.md,path,@github/copilot/sdk,88fc27106aea5521707486c23bd7101ad35e9993,add,10,1,1,True,"rs to open a new Chat window and interact with a Copilot CLI agent instance directly within VS Code. **VS Code provides the UI, Copilot CLI SDK provides the smarts.** > **Important:** The Copilot CLI agent functionality is powered by the `@github/copilot/sdk` package. See the SDK package for full ty",genuine_false_claim,low,structured_path_always_missing,Plausible repo path persistently absent — may be false claim or unobserved confound.,llm_disagreement,unresolved_disagreement,U,deepseek-coder-v2:lite,genuine_false_claim,"The reference to '@github/copilot/sdk' appears to be a genuine false claim, as it does not correspond to any known repository path at the time of observation.",devstral:latest,external_reference,"The reference '@github/copilot/sdk' points to an external package, not a path within the repository.",False,unresolved_disagreement
0d8bce7e29a5cd98,https://github.com/microsoft/vscode,extensions/copilot/src/extension/chatSessions/copilotcli/AGENTS.md,path,import('@github/copilot/sdk'),88fc27106aea5521707486c23bd7101ad35e9993,add,10,1,1,True,"`vscode-node/` | `common/`, `node/`, `src/util/`, `src/platform/`, `vscode` module | (top layer — no restrictions) | ## Key Components ### `node/copilotCli.ts` **ICopilotCLISDK / CopilotCLISDK** - Service interface wrapping the dynamic `import('@github/copilot/sdk')` for dependency injection and tes",genuine_false_claim,low,structured_path_always_missing,Plausible repo path persistently absent — may be false claim or unobserved confound.,llm_disagreement,unresolved_disagreement,U,deepseek-coder-v2:lite,genuine_false_claim,The reference 'import('@github/copilot/sdk'),devstral:latest,external_reference,"The reference '@github/copilot/sdk' points to an external package, not a path within the repository.",False,unresolved_disagreement
9856eaec5894ba65,https://github.com/azure-samples/art-voice-agent-accelerator,.github/instructions/system-architecture.instructions.md,script_name,*.py,72af9f3a0424e713481bad830dcbf954920db151,add,2,1,1,True,"tor.py`, `handler.py` | | `voice/handoffs/` | Agent handoff logic | `service.py` | | `registries/agentstore/` | Agent definitions (YAML) | `base.py`, `loader.py`, `*/agent.yaml` | | `registries/toolstore/` | Tool registry | `registry.py`, `*.py` tools | | `registries/scenariostore/` | Industry scena",,low,insufficient_heuristic_evidence,No deterministic category met confidence threshold.,llm_quota_exceeded,unresolved_disagreement,U,,,,,,,,unresolved_disagreement
e916d975160d16b9,https://github.com/pydantic/pydantic-ai,pydantic_ai_slim/pydantic_ai/AGENTS.md,script_name,_otel_*.py,72387a16ef30c465b74487b4afa03d3ea7a43ff9,add,6,1,1,True,"ls` or `provider_metadata` fields, not in `id`, `content`, or `args` — Prevents semantic field overloading and enables consistent provider behavior interpretation while keeping main fields normalized across providers <!-- rule:17 --> - In `_otel_*.py` modules, implement only spec-defined features — ",,low,insufficient_heuristic_evidence,No deterministic category met confidence threshold.,llm_quota_exceeded,unresolved_disagreement,U,,,,,,,,unresolved_disagreement
